Symbol,endscore,average Scores,Fitness,SG_score,Relativ Risk
FCOM,0.9421,0.8016,1.3331999999999999,90.15897200000001,0.16785700000000001
DLS,0.9461,0.9574,0.952338000000000,87.09553699999999,0.0973110000000000
HEFA,0.9011,0.8695,0.7999010000000000,59.75467200000000,0.22088099999999999
AIRR,0.9215,0.8678,1.4281189999999999,51.127276999999999,0.2778650000000000
DVYE,0.947,0.9332,1.081006000000000,14.727308000000001,0.10326800000000000
FDRR,0.863,0.8468,0.8689540000000000,12.142783000000000,0.24857199999999999
DNL,0.9558,0.9405,1.0804830000000001,10.609209000000000,0.15133700000000000
EWK,0.9505,0.9543,1.110629000000000,9.421474999999999,0.05294800000000000
ACSI,0.9207,0.8547,1.051519000000000,8.518238000000000,0.21118400000000001
FYC,0.9434,0.8995,1.4797860000000000,8.457553000000001,0.16176900000000000
FXG,0.8733,0.9158,0.832478000000000,7.7393799999999997,0.1498010000000000
BSCP,0.8541,0.9112,0.1708920000000000,7.703100000000000,0.3679990000000000
BLV,0.9693,0.9354,0.8693480000000000,7.001243000000000,0.044193999999999997
DBB,0.9616,0.9565,1.2898270000000001,6.504439000000000,0.11155200000000000
EQWL,0.9193,0.951,0.9073590000000000,6.253855000000000,0.2997010000000000
FBT,0.9061,0.9641,1.3317670000000,5.564755000000000,0.0758550000000000
FEZ,0.917,0.9476,1.2485839999999999,5.408914000000000,0.11186900000000000
GSLC,0.9229,0.9061,0.997941000000000,5.294103000000000,0.2737650000000000
CUT,0.9268,0.9449,1.1098269999999999,4.548935000000000,0.1106380000000000
BBH,0.9565,0.9669,1.3769510000000000,4.505965000000000,0.04949600000000000
DGP,0.9602,0.94,2.100632000000000,4.437490000000000,0.13708600000000001
FTEC,0.9578,0.838,1.4749909999999999,4.282099000000000,0.30668600000000001
BSV,0.9759,0.8315,0.16523900000000000,4.276032000000000,0.18821900000000000
DTRE,0.9378,0.8756,1.1421950000000001,3.988663000000000,0.04130300000000000
DWM,0.9276,0.9337,0.908052000000000,3.830206000000000,0.11666700000000001
DGRW,0.9156,0.8647,0.8307940000000000,3.6694309999999999,0.3349020000000000
DBE,0.9786,0.9226,1.8168830000000000,3.4596410000000000,0.0690120000000000
HEWJ,0.8888,0.8725,1.0778639999999999,3.3927870000000002,0.19043499999999999
EDIV,0.9505,0.9498,0.8500920000000000,3.15882700000000,0.20432000000000000
FAB,0.9068,0.9497,1.1394979999999999,2.982837000000000,0.17884400000000000
FLTB,0.8218,0.8165,0.1708480000000000,2.738662000000000,0.23297399999999999
CSM,0.9075,0.9461,1.0212300000000001,2.7208649999999999,0.2541060000000000
CZA,0.919,0.9475,0.9720850000000000,2.610222000000000,0.2201020000000000
EWA,0.936,0.9423,1.1740020000000000,2.5207609999999998,0.12441000000000001
FTQGX,0.9534,0.9603,1.2825979999999999,2.493568000000000,0.2712670000000000
FSLVX,0.9044,0.9586,0.9053890000000000,2.3944079999999999,0.2313820000000000
FVC,0.8686,0.821,1.1083710000000000,2.383142000000000,0.1407970000000000
EZU,0.9372,0.9629,1.2092449999999999,2.251037000000000,0.10351299999999999
FTC,0.9587,0.9604,1.242893000000000,2.24702400000000,0.2168580000000000
FPX,0.9695,0.9704,1.5919700000000001,2.1774420000000001,0.14155599999999999
FDLO,0.884,0.8946,0.8128700000000000,2.1537320000000002,0.28536200000000000
FBND,0.809,0.877,0.3806620000000000,2.0619260000000001,0.12958700000000001
BFOR,0.9274,0.8977,1.1705220000000001,1.9491879999999999,0.20171900000000001
FNX,0.9146,0.8926,1.2432710000000000,1.935053000000000,0.190636000000000
EZM,0.9276,0.9488,1.2437320000000001,1.931532000000000,0.17251700000000000
ENFR,0.9098,0.8783,1.2439439999999999,1.9310570000000000,0.19184000000000001
HSCZ,0.9032,0.8842,0.8304380000000000,1.8828430000000000,0.2047790000000000
EMHY,0.9181,0.8772,0.578788000000000,1.8236680000000001,0.14309800000000000
HYG,0.8693,0.878,0.4809440000000000,1.8147789999999999,0.2038790000000000
HYS,0.9322,0.8716,0.38379000000000002,1.761122000000000,0.27639700000000000
EQL,0.8938,0.9311,0.9034550000000000,1.7601920000000000,0.26810299999999998
CEMB,0.8953,0.8899,0.3733040000000000,1.7190440000000000,0.19496400000000000
DWAS,0.9453,0.8968,1.6561530000000000,1.707196000000000,0.14367500000000000
GVIP,0.9324,0.8214,1.2814360000000000,1.6120960000000000,0.20891499999999999
FTCS,0.9408,0.9636,0.8111370000000000,1.5363000000000000,0.27676699999999999
EMCB,0.8704,0.9059,0.4697920000000000,1.5016959999999999,0.1701570000000000
FEX,0.9136,0.938,0.9927620000000000,1.4822540000000000,0.2412800000000000
AOA,0.9339,0.9044,0.7802950000000000,1.4796389999999999,0.2229170000000000
EWQ,0.9149,0.9552,1.2072890000000001,1.4137910000000000,0.12060400000000000
AOR,0.9375,0.8985,0.6424120000000000,1.4087879999999999,0.21698500000000001
ESGE,0.9103,0.8391,1.1406120000000000,1.408487000000000,0.0758010000000000
EVX,0.902,0.9372,1.102995000000000,1.4012579999999999,0.252699000000000
DBJP,0.8665,0.8137,1.0724199999999999,1.4002300000000001,0.1934580000000000
CDC,0.8562,0.8102,0.7959060000000000,1.3963660000000000,0.25109300000000001
FTXL,0.9182,0.8741,2.0821220000000000,1.3846600000000000,0.1731230000000000
FDIS,0.9686,0.8502,1.4673810000000000,1.2965979999999999,0.2027200000000000
FAD,0.9324,0.9491,1.2782920000000000,1.2729040000000000,0.20556600000000000
DSI,0.9556,0.9548,1.070184000000000,1.2702340000000001,0.2643300000000000
GBTC,0.9305,0.8251,4.246225000000000,1.253780000000000,0.3725530000000000
ANGL,0.8839,0.8834,0.4858030000000000,1.1951810000000000,0.2878320000000000
ECON,0.9331,0.907,1.2491300000000001,1.1801459999999999,0.020013000000000000
GLD,0.9869,0.9649,0.9039550000000000,1.1758759999999999,0.20740700000000001
GLD,0.9869,0.9649,0.9039550000000000,1.175747000000000,0.2074070000000000
FNCL,0.9204,0.8839,1.166257000000000,1.1673920000000000,0.21899199999999999
EUSA,0.9142,0.9327,1.0432380000000001,1.1634800000000001,0.22136800000000001
FVDFX,0.8859,0.9572,0.8271370000000000,1.1384209999999999,0.217498000000000
DES,0.9553,0.9474,1.1685740000000000,1.0946769999999999,0.14904800000000001
DGRO,0.8875,0.8609,0.8438180000000000,1.092048000000000,0.3006180000000000
FTA,0.8929,0.9455,0.9918880000000000,1.0732360000000001,0.20527999999999999
ERTH,0.9744,0.9476,1.4758990000000001,1.059542000000000,0.08450199999999999
DHS,0.92,0.9368,0.8623360000000000,1.0242320000000000,0.21390500000000001
FXH,0.9554,0.9471,1.0182169999999999,1.0133090000000000,0.1291810000000000
EWJ,0.9231,0.9496,1.0476669999999999,1.0095289999999999,0.10877199999999999
FVAL,0.8624,0.8493,0.9903400000000000,0.9948530000000000,0.24287300000000001
DLN,0.895,0.9466,0.8075650000000000,0.9834780000000000,0.29469699999999999
DXJ,0.8928,0.8646,1.0970130000000000,0.9825360000000000,0.21187800000000001
HAP,0.9305,0.915,1.1696860000000000,0.9624230000000000,0.15725100000000000
DTD,0.8933,0.9472,0.8243960000000000,0.9620840000000001,0.2807480000000000
FDGFX,0.9498,0.9635,0.9419650000000001,0.9552860000000000,0.2458450000000000
BMVP,0.9021,0.9616,1.1015990000000000,0.9494910000000000,0.172177000000000
CATH,0.8985,0.8596,1.0688130000000000,0.9482890000000000,0.24986100000000000
HACK,0.923,0.8459,1.4133849999999999,0.9151870000000000,0.18234300000000001
AIVI,0.9324,0.9259,0.9262290000000000,0.9002820000000000,0.11030300000000000
AIVL,0.9249,0.9503,0.9016800000000000,0.8934320000000000,0.17746100000000001
ARKQ,0.9735,0.8398,1.878719000000000,0.8717190000000000,0.18458700000000000
EEMV,0.9146,0.9131,0.69939000000000,0.8211330000000000,0.13386799999999999
FNDX,0.9061,0.8613,0.9154530000000000,0.8184500000000000,0.339556000000000
FENY,0.9388,0.904,1.7258249999999999,0.8179520000000000,0.08964700000000000
FIDU,0.922,0.8442,1.0669759999999999,0.8141310000000000,0.24674800000000000
BKLN,0.866,0.8914,0.28658200000000000,0.7890060000000000,0.28791899999999998
CSF,0.9334,0.8614,1.0189090000000001,0.7874330000000000,0.14489500000000000
DGT,0.8976,0.9536,0.9191190000000000,0.7527140000000000,0.237488000000000
FXL,0.975,0.9597,1.507880000000000,0.7493130000000000,0.25204399999999999
DWLD,0.9056,0.8204,1.2775209999999999,0.7472930000000000,0.1265330000000000
DGRS,0.9206,0.8556,1.1989270000000001,0.7426820000000000,0.17696100000000001
BBP,0.8779,0.8186,1.5847359999999999,0.7363290000000000,0.10835300000000000
FSHBX,0.9809,0.954,0.11916800000000000,0.7238950000000000,0.2823900000000000
DWX,0.9293,0.9238,0.7518750000000000,0.7205920000000000,0.13929100000000000
GLOF,0.8989,0.8648,0.9426369999999999,0.7053030000000000,0.20402300000000001
EWL,0.9546,0.968,0.9436210000000000,0.7043080000000000,0.14535100000000001
EEMS,0.947,0.9308,0.9685900000000000,0.6952240000000000,0.1381160000000000
DEUS,0.9034,0.8255,0.9633560000000000,0.6919350000000000,0.230231000000000
DFE,0.9372,0.9503,1.2041729999999999,0.688810000000000,0.06910200000000000
ATMP,0.9268,0.8835,1.4624720000000000,0.687996000000000,0.14575800000000000
HTUS,0.8882,0.8107,1.0652660000000000,0.6871880000000000,0.2161300000000000
FDSSX,0.9425,0.9661,1.061718000000000,0.6851159999999999,0.25646900000000000
FNDB,0.9117,0.8674,0.9352400000000000,0.6810840000000000,0.3231150000000000
ACWX,0.916,0.9362,0.9692000000000000,0.677864000000000,0.12643699999999999
EPS,0.9278,0.9467,0.9582889999999999,0.677159000000000,0.28050100000000
CWB,0.9776,0.9395,0.8586240000000001,0.6744869999999999,0.23843000000000000
FSLSX,0.9607,0.9368,1.1919530000000000,0.6702030000000000,0.1918940000000000
FDD,0.9319,0.9004,1.1703570000000001,0.6652470000000000,0.07624700000000000
CWS,0.8859,0.8693,0.9381720000000000,0.6640970000000000,0.25262600000000002
FYT,0.9051,0.8994,1.3612120000000001,0.6585270000000000,0.14989900000000000
GAL,0.9174,0.8774,0.6397130000000000,0.6511710000000001,0.20508499999999999
FQAL,0.8793,0.8721,0.9844010000000000,0.6443140000000001,0.25370900000000002
GRPM,0.9052,0.8875,1.2287319999999999,0.6305520000000000,0.19097700000000001
QQQ,0.9871,0.9523,1.388335000000000,0.6280700000000000,0.27882499999999999
QQQ,0.9871,0.9523,1.3883340000000000,0.6280690000000000,0.27882499999999999
FNK,0.9259,0.895,1.2725470000000001,0.6237840000000000,0.15677500000000000
CVY,0.959,0.9652,1.0156609999999999,0.6203720000000000,0.1519170000000000
FDMO,0.8927,0.8618,1.1227290000000001,0.6114590000000000,0.23069999999999999
EMTL,0.8298,0.8033,0.31910800000000000,0.6109599999999999,0.1708600000000000
MDY,0.9114,0.9631,1.191640000000000,0.5827460000000000,0.18519099999999999
FTRNX,0.9657,0.9557,1.4928920000000001,0.5732010000000000,0.24309100000000000
FEQTX,0.957,0.9501,0.8202110000000000,0.5727500000000000,0.24617000000000000
SPHIX,0.9395,0.9635,0.33686700000000003,0.5674350000000000,0.29945699999999997
FPXI,0.9737,0.9095,1.320203000000000,0.564248000000000,0.11815100000000001
DGS,0.9337,0.9508,0.8821630000000000,0.5593430000000000,0.18452299999999999
EXI,0.9239,0.937,0.9835780000000000,0.5527850000000000,0.21615899999999999
EWD,0.941,0.9599,1.465771000000000,0.5454490000000000,0.09269200000000000
EDEN,0.9759,0.9175,1.188403000000000,0.5384690000000000,0.15953600000000001
FBGRX,0.9825,0.9628,1.5467010000000001,0.5371850000000000,0.2541500000000000
CANE,0.8931,0.9015,1.243414000000000,0.533472000000000,0.04159000000000000
EYLD,0.8235,0.8112,1.1318130000000000,0.5264030000000000,0.12723699999999999
DTH,0.9491,0.9364,0.9454050000000001,0.5195170000000000,0.10086800000000000
AADR,0.9204,0.8901,1.3151340000000000,0.5177520000000000,0.11551900000000000
DIA,0.9313,0.9681,0.8711490000000000,0.5154250000000000,0.2944190000000000
FDVV,0.8215,0.8287,0.8926950000000000,0.5145990000000000,0.25310800000000000
FXR,0.925,0.9489,1.1842590000000000,0.5058950000000000,0.23419200000000001
CFA,0.9142,0.8605,0.913578000000000,0.5057890000000000,0.2594240000000000
DVY,0.9299,0.9694,0.9581930000000000,0.5035300000000000,0.21525000000000000
AOM,0.9448,0.8883,0.4956360000000000,0.5019340000000000,0.20969399999999999
FDL,0.925,0.933,0.872337000000000,0.5010700000000000,0.24054100000000000
GBF,0.9762,0.9339,0.39110299999999998,0.5008820000000000,0.07619600000000000
CURE,0.8525,0.8909,2.5787819999999999,0.49323299999999998,0.11200000000000000
DEW,0.9465,0.9341,0.8067400000000000,0.49261300000000002,0.18542700000000001
FNDF,0.9314,0.8676,0.9891280000000000,0.4870800000000000,0.14373600000000000
GGME,0.9469,0.9566,1.5101599999999999,0.4859440000000000,0.12380700000000000
FDN,0.9702,0.9715,1.7745000000000000,0.4760870000000000,0.1617390000000000
CRBN,0.9302,0.8677,0.9582330000000000,0.4751500000000000,0.2266020000000000
CIBR,0.9318,0.8578,1.4990530000000000,0.4747220000000000,0.2087190000000000
HYXU,0.935,0.9141,0.6532010000000000,0.47408800000000001,0.09066000000000000
EQAL,0.9172,0.8691,1.063703000000000,0.4726980000000000,0.1927090000000000
DBAW,0.9073,0.8757,0.7889490000000000,0.4705060000000000,0.20460999999999999
FVD,0.9164,0.9626,0.786041000000000,0.46562300000000001,0.23724300000000001
CSA,0.9099,0.8931,1.1558630000000001,0.4621500000000000,0.19627100000000000
GAA,0.8686,0.9037,0.7207670000000000,0.45523599999999997,0.1642160000000000
DDM,0.8939,0.9415,1.7543089999999999,0.4532650000000000,0.22806799999999999
FIW,0.9518,0.9512,1.1119159999999999,0.4525120000000000,0.28348000000000001
GUNR,0.9149,0.8931,1.2369509999999999,0.4520920000000000,0.14564099999999999
ACWV,0.847,0.8916,0.6362980000000000,0.4487210000000000,0.2389920000000000
FCVT,0.9667,0.8388,0.9159690000000000,0.44733499999999998,0.19476800000000000
DBC,0.9743,0.9466,1.2415520000000000,0.44709500000000002,0.09996800000000000
ARKW,0.9786,0.8675,2.7650589999999999,0.44441599999999998,0.16197200000000000
DDIV,0.9311,0.8644,1.1524129999999999,0.4433920000000000,0.1844700000000000
CDL,0.8453,0.8434,0.8731880000000000,0.4424600000000000,0.2488910000000000
HDV,0.921,0.8716,0.80203100000000,0.43181000000000003,0.21856800000000001
EDOG,0.9013,0.8431,0.9445510000000000,0.4314820000000000,0.12505300000000000
ASEA,0.9617,0.9331,0.8449470000000000,0.4280480000000000,0.151526000000000
GURU,0.9337,0.8703,1.263175000000000,0.4239380000000000,0.1566090000000000
FNDA,0.9315,0.8978,1.262174000000000,0.41469400000000001,0.1786050000000000
CWI,0.9135,0.9337,0.9641480000000000,0.41381600000000002,0.1348210000000000
BIZD,0.9272,0.9114,1.0317300000000000,0.4112770000000000,0.19945199999999999
EUDG,0.918,0.8024,1.0137080000000001,0.41039100000000001,0.11929099999999999
EIRL,0.9241,0.9127,1.309181000000000,0.4067750000000000,0.07912300000000000
CARZ,0.9632,0.9419,1.6340030000000001,0.404804000000000,0.09030400000000000
DBEU,0.8922,0.8307,0.8359770000000000,0.4013020000000000,0.20501900000000001
FNDC,0.9412,0.8896,0.9895780000000000,0.3984670000000000,0.11147000000000000
EWUS,0.9215,0.9108,1.3220090000000000,0.3975930000000000,0.029648000000000001
FBCVX,0.916,0.962,0.818344000000000,0.39584500000000000,0.1908210000000000
ACWI,0.9333,0.9313,0.9533140000000000,0.39547399999999999,0.22600300000000001
EWT,0.9632,0.947,1.2567569999999999,0.3931070000000000,0.22227000000000000
DXJS,0.8916,0.8888,1.084185000000000,0.3908530000000000,0.19148999999999999
EWI,0.9533,0.9735,1.3123290000000001,0.3900990000000000,0.10135200000000000
FXD,0.9212,0.9347,1.3493200000000001,0.3899580000000000,0.12671800000000000
CFO,0.9259,0.86,0.8186059999999999,0.38887899999999997,0.23334099999999999
FILL,0.9603,0.9144,1.5202350000000000,0.3873080000000000,0.10411100000000000
EFAV,0.9072,0.8905,0.7073270000000000,0.38568999999999998,0.11936400000000000
DON,0.9441,0.9565,1.0844220000000000,0.38538499999999998,0.19033700000000001
EES,0.942,0.9505,1.303845000000000,0.38177800000000001,0.16241200000000000
DIM,0.9326,0.9354,0.9425320000000000,0.37964199999999998,0.10054700000000000
FNDE,0.9319,0.8799,1.0410600000000001,0.3698480000000000,0.17413500000000001
BNDX,0.8013,0.8745,0.30661800000000000,0.36779699999999999,0.12362500000000000
FDTS,0.9325,0.9236,1.8822669999999999,0.3677640000000000,0.0529820000000000
CGW,0.9507,0.9247,1.027294000000000,0.367600000000000,0.19793500000000000
CMF,0.8574,0.8862,0.2550150000000000,0.36757000000000001,0.13216300000000000
FMAT,0.93,0.8751,1.1857810000000000,0.36202099999999998,0.17653400000000000
FGD,0.9565,0.9312,0.9394110000000000,0.3601120000000000,0.13226499999999999
FNY,0.9491,0.8659,1.3843300000000001,0.3592070000000000,0.18692300000000001
ARGT,0.934,0.9257,1.7418659999999999,0.35879899999999998,0.22376399999999999
FTGC,0.9405,0.8419,1.0699449999999999,0.3561050000000000,0.08139000000000000
FDT,0.9232,0.9385,1.1004820000000000,0.35489599999999999,0.08386200000000001
HEZU,0.8947,0.8468,0.9788920000000000,0.3510510000000000,0.17735500000000001
IAT,0.9449,0.9134,1.8699010000000000,0.3489440000000000,0.0825340000000000
GMF,0.9505,0.9235,1.1274690000000001,0.3479760000000000,0.1339510000000000
EPI,0.9538,0.9461,1.0565599999999999,0.3461010000000000,0.21691500000000000
FYX,0.9146,0.9425,1.3411519999999999,0.341690000000000,0.16816200000000001
CSD,0.9488,0.9704,1.2950870000000001,0.33971099999999999,0.15537999999999999
GII,0.9314,0.8802,0.8930790000000000,0.33401999999999998,0.17088000000000000
HEDJ,0.903,0.9162,0.9773230000000001,0.32760200000000000,0.16776800000000000
DBA,0.9594,0.9651,0.8789169999999999,0.32616800000000001,0.08612100000000000
GVI,0.9724,0.9165,0.25212299999999999,0.3261330000000000,0.12023800000000000
ESGD,0.843,0.8414,0.9846980000000000,0.32127000000000000,0.11844499999999999
ETHO,0.9282,0.8698,1.1798460000000000,0.31731599999999999,0.19666400000000001
DOL,0.9248,0.9294,0.9171420000000000,0.3156970000000000,0.1176760000000000
EWN,0.9437,0.9573,1.3931659999999999,0.31407299999999999,0.13260900000000000
FDM,0.9431,0.9383,1.2969240000000000,0.3096500000000000,0.16050400000000001
BJK,0.9023,0.9498,1.578833000000000,0.3088430000000000,0.0689300000000000
EWC,0.9124,0.9493,1.0575270000000001,0.3087310000000000,0.18336300000000000
FEMS,0.9229,0.9288,1.1232030000000000,0.3077170000000000,0.1508860000000000
CSB,0.8939,0.8536,1.1485690000000000,0.30341000000000001,0.18667400000000001
FAS,0.9625,0.9264,3.389175000000000,0.3028070000000000,0.13764299999999999
EEMA,0.9496,0.9367,1.197905000000000,0.2988370000000000,0.10310300000000000
EUSC,0.8888,0.8548,0.9105810000000000,0.29858299999999999,0.17644399999999999
GAMR,0.964,0.8605,1.6245849999999999,0.29706300000000002,0.15169400000000000
GREK,0.9612,0.9412,1.503038000000000,0.2900950000000000,0.10269800000000000
MVV,0.9293,0.9536,2.3833340000000001,0.28998099999999999,0.12566800000000000
EUFN,0.9417,0.9261,1.3503330000000000,0.28964299999999998,0.08973500000000000
EFG,0.9476,0.9326,1.060652000000000,0.28772599999999998,0.11657099999999999
GSIE,0.9083,0.8425,0.936436000000000,0.2869840000000000,0.13618500000000000
GLTR,0.9607,0.9408,1.1567490000000000,0.2863150000000000,0.14188899999999999
PTH,0.9779,0.9774,1.6841370000000000,0.28539100000000001,0.11967800000000001
EFV,0.9498,0.9454,0.9839340000000000,0.2827120000000000,0.11216600000000000
EFO,0.9204,0.9027,1.9688479999999999,0.28063199999999999,0.05355300000000000
GHYG,0.8685,0.8888,0.5004600000000000,0.2801680000000000,0.18751399999999999
EEMO,0.9423,0.9141,1.1682239999999999,0.27777600000000002,0.09468900000000000
FEUZ,0.9083,0.8139,1.315191000000000,0.27482800000000,0.08129100000000000
AGZ,0.9733,0.8663,0.21635799999999999,0.27031400000000000,0.1387690000000000
GDXJ,0.9257,0.8013,2.342773000000000,0.2670400000000000,0.09234800000000000
CORP,0.9036,0.9141,0.4502710000000000,0.26693200000000000,0.131608000000000
EINC,0.9398,0.9273,1.2552270000000001,0.2639960000000000,0.16258000000000000
EWU,0.9671,0.969,1.0354040000000000,0.26268500000000000,0.09164200000000000
EFNL,0.9338,0.8819,1.2345429999999999,0.2562490000000000,0.06552300000000000
FYLD,0.9395,0.8985,1.0322190000000000,0.2561870000000000,0.14276400000000000
DWAT,0.909,0.8142,1.0302870000000000,0.25261699999999998,0.12206900000000000
HYEM,0.903,0.9049,0.48220700000000000,0.24918100000000001,0.17559100000000000
EWX,0.932,0.9473,0.9329010000000000,0.24905700000000000,0.17035300000000000
FSZ,0.9191,0.9072,1.2157469999999999,0.24718699999999999,0.12590000000000001
DEM,0.9335,0.9424,0.9621630000000000,0.2448350000000000,0.17177899999999999
DBP,0.975,0.9506,1.029425000000000,0.24020200000000000,0.15616099999999999
BKF,0.9287,0.9329,1.3750709999999999,0.23758899999999999,0.06860700000000000
AIA,0.9549,0.9368,1.454915000000000,0.23327899999999999,0.10419299999999999
EPP,0.9361,0.9553,1.0352699999999999,0.23036400000000001,0.11204000000000000
FJP,0.8938,0.9113,1.1968369999999999,0.22723299999999999,0.0570520000000000
BOTZ,0.9562,0.8781,1.6092379999999999,0.2255050000000000,0.1186470000000000
EEMX,0.9223,0.804,1.1277340000000000,0.22506300000000001,0.07982900000000000
HYD,0.867,0.9315,0.4167750000000000,0.22444200000000000,0.15415899999999999
DFJ,0.9043,0.9131,0.9797640000000000,0.21965799999999999,0.11483300000000000
FKU,0.9334,0.9132,1.4486559999999999,0.21915200000000001,0.046589999999999999
EFA,0.9263,0.9589,0.9762630000000000,0.2189330000000000,0.12513900000000000
DGRE,0.9076,0.8769,1.066493000000000,0.21534500000000001,0.10924700000000000
FLN,0.9547,0.9104,1.4268040000000000,0.21328600000000000,0.08869400000000000
CALF,0.8009,0.8114,1.4838020000000001,0.20961900000000000,0.10218700000000000
EUO,0.9413,0.9016,0.9372430000000000,0.20849999999999999,0.0576430000000000
EFAX,0.8411,0.8388,0.9763110000000000,0.2019600000000000,0.11789100000000000
FCOR,0.8484,0.9205,0.46598099999999998,0.19747000000000001,0.12340900000000000
ACES,0.9014,0.8024,2.3281280000000000,0.19532200000000000,0.013398999999999999
BIB,0.9302,0.9101,2.737385000000000,0.18918900000000000,-0.007963000000000000
EIS,0.8844,0.9266,1.2986940000000000,0.18829799999999999,0.09270100000000001
GNR,0.9165,0.9047,1.3046590000000000,0.18806400000000001,0.1348180000000000
BIV,0.9839,0.9383,0.4127270000000000,0.18549800000000000,0.08656000000000000
AMLP,0.9819,0.8849,1.3798800000000000,0.1835970000000000,0.0879640000000000
HEEM,0.932,0.8902,1.0061990000000001,0.1827670000000000,0.12229200000000000
BND,0.9719,0.9029,0.38926200000000000,0.18001600000000001,0.08121399999999999
BOND,0.8499,0.9093,0.36376900000000001,0.17974399999999999,0.10292500000000000
EWG,0.9486,0.964,1.2557820000000000,0.1782770000000000,0.08260800000000000
ENZL,0.928,0.9106,1.1880340000000000,0.1773930000000000,0.08467100000000000
DEEF,0.911,0.8049,0.9095430000000000,0.1759730000000000,0.10943300000000000
DAX,0.9107,0.8608,1.2509440000000001,0.1758530000000000,0.1011770000000000
FAN,0.9735,0.9471,1.3422760000000000,0.17547699999999999,0.08565000000000000
CIL,0.898,0.8243,1.0558580000000000,0.17486099999999999,0.10471200000000000
EELV,0.9461,0.9232,0.7027400000000000,0.17438799999999999,0.15506600000000001
GEM,0.9259,0.8558,1.034719000000000,0.17200299999999999,0.105948000000000
AGG,0.9809,0.9155,0.39290799999999998,0.16570199999999999,0.07647900000000001
EMB,0.9054,0.9113,0.6362060000000000,0.16260900000000000,0.09190800000000000
FEP,0.9173,0.932,1.218312000000000,0.16158200000000000,0.08757300000000000
EUDV,0.895,0.8204,0.9760440000000000,0.15826599999999999,0.08129000000000000
FPA,0.9313,0.9322,1.3561630000000000,0.1562740000000000,0.053053999999999997
CRAK,0.8453,0.8488,1.3020730000000000,0.15446299999999999,0.11090100000000000
FLCO,0.8936,0.8309,0.47197200000000000,0.1529460000000000,0.062539000000000
CPER,0.9568,0.8155,1.4481720000000000,0.15286400000000000,0.09348400000000000
CXSE,0.9741,0.9234,1.980279000000000,0.15254499999999999,0.034805000000000003
GWX,0.9339,0.9488,1.0282730000000000,0.14932400000000001,0.08580599999999999
EWO,0.979,0.9779,1.3469340000000001,0.14892700000000000,0.09804400000000001
FINX,0.9399,0.9079,1.9205390000000000,0.1467230000000000,0.10147200000000001
DRN,0.9676,0.9311,3.5965170000000000,0.14661800000000000,-0.010034000000000000
DEEP,0.924,0.8054,1.3427960000000001,0.14561700000000000,0.1174400000000000
COPX,0.9551,0.9408,2.1070739999999999,0.14094300000000001,0.15946500000000000
DVYA,0.9612,0.9196,0.9116340000000001,0.13993500000000000,0.10653700000000001
GCC,0.9376,0.9408,1.0901490000000000,0.13837099999999999,0.07519900000000000
EWP,0.9723,0.9756,1.2147589999999999,0.13782100000000000,0.08029699999999999
GVAL,0.9541,0.887,1.0952350000000000,0.1350610000000000,0.08969700000000000
DBEM,0.9287,0.9096,1.0019810000000000,0.13386200000000001,0.11461499999999999
EWS,0.9704,0.9618,1.0040370000000001,0.13250899999999999,0.10238899999999999
FCG,0.9741,0.9175,2.1831230000000001,0.13000900000000001,0.029777999999999999
EEM,0.9291,0.9374,1.1247570000000000,0.1288340000000000,0.09705900000000001
DIV,0.9629,0.8858,0.8514969999999999,0.127558000000000,0.08294700000000001
ARKK,0.9744,0.8742,2.900688000000000,0.12697300000000000,0.09578600000000000
GYLD,0.9608,0.8822,0.9131560000000000,0.12585499999999999,0.08195500000000000
GSCE,0.9153,0.8963,3.571620000000000,0.12425799999999999,0.026610999999999999
EPU,0.9622,0.9262,1.4985450000000000,0.1224740000000000,0.15147900000000000
DIEM,0.8356,0.8221,0.9776200000000000,0.11613999999999999,0.08153500000000000
ASHR,0.9217,0.8188,1.4960140000000000,0.11301200000000000,0.021212000000000002
BNO,0.9691,0.9333,2.138851000000000,0.11049200000000001,0.0858080000000000
EWW,0.9713,0.9678,1.3956100000000000,0.10719600000000000,0.03585100000000000
DJP,0.966,0.9312,1.1936340000000001,0.1068430000000000,0.06822200000000000
FTRI,0.8783,0.872,1.3512459999999999,0.1054460000000000,0.1214310000000000
EMQQ,0.9718,0.9198,2.1480809999999999,0.10481699999999999,0.05286600000000000
ARKG,0.967,0.843,2.8100939999999999,0.10063700000000000,0.02574100000000000
GOVT,0.9354,0.9131,0.38583499999999998,0.09645600000000000,0.042526000000000001
AAXJ,0.9411,0.9351,1.1764840000000001,0.09617800000000000,0.0939030000000000
GDX,0.9668,0.9428,2.024315000000000,0.09402000000000001,0.11415200000000000
FEM,0.9186,0.935,1.1479940000000000,0.09154500000000000,0.11169800000000001
CNXT,0.8821,0.8005,2.0189610000000000,0.0915200000000000,-0.011174000000000000
FXN,0.9776,0.9425,1.8228139999999999,0.08710800000000000,0.04374100000000000
GOVI,0.9791,0.9568,0.6495370000000000,0.08211300000000001,0.013658999999999999
EPOL,0.9549,0.9372,1.8005370000000001,0.07806500000000000,0.05306000000000000
EZJ,0.9232,0.8622,2.109797000000000,0.07569099999999999,0.043395000000000003
FGM,0.9294,0.9249,1.5388750000000000,0.07441800000000000,0.04503000000000000
GOEX,0.9332,0.9256,2.1631179999999999,0.07427800000000000,0.11405300000000000
COMT,0.9446,0.81,1.3350379999999999,0.07402000000000000,0.09261200000000000
EWY,0.958,0.9499,1.472539000000000,0.07392600000000001,0.03736100000000000
ENOR,0.9282,0.9273,1.4342379999999999,0.07321700000000000,0.0769200000000000
EZA,0.9739,0.9289,1.693608000000000,0.06930200000000000,0.05375700000000000
FFTY,0.9026,0.869,1.760106000000000,0.06348700000000000,0.05156700000000000
DBO,0.9698,0.9257,2.02282500000000,0.06249200000000000,0.05380300000000000
HAUZ,0.9303,0.8583,0.9868820000000000,0.056028000000000001,0.051714999999999997
CEW,0.9533,0.9398,0.4339740000000000,0.05325600000000000,0.07408900000000000
GLIN,0.9691,0.9568,1.1222790000000000,0.048259000000000003,0.04786200000000000
GSG,0.9802,0.9175,1.4346060000000000,0.04796400000000000,0.05694400000000000
EURL,0.9484,0.8719,3.2515550000000002,0.03756200000000000,0.008807000000000001
CQQQ,0.9726,0.9312,2.2452169999999998,0.03565000000000000,0.019510000000000000
FXF,0.94,0.9166,0.4659710000000000,0.034089000000000001,0.02138800000000000
DIG,0.9839,0.9314,3.354351000000000,0.03214500000000000,0.015783999999999999
GXC,0.9516,0.8863,1.7634760000000000,0.031320000000000001,0.030942999999999998
BBC,0.8558,0.8044,2.407454000000000,0.02612100000000000,0.000061974
ELD,0.9077,0.9457,0.6964200000000000,0.024199999999999999,0.05502700000000000
EDV,0.9683,0.9452,1.4267799999999999,0.02171800000000000,-0.014016000000000001
EWH,0.9122,0.948,1.2303420000000000,0.016247000000000001,0.026227000000000000
EBND,0.9079,0.948,0.5840520000000000,0.0029870000000000001,0.04915100000000000
EWM,0.9733,0.9636,0.8003680000000000,0.0009859999999999999,0.04147600000000000
AFK,0.9565,0.9438,1.2965650000000000,-0.026187999999999999,0.03005400000000000
EMIF,0.9666,0.9312,1.2926010000000001,-0.02813600000000000,0.00648800000000000
EPHE,0.9532,0.925,1.0971270000000000,-0.03088700000000000,-0.02687800000000000
ECNS,0.9073,0.9203,1.8240959999999999,-0.038897000000000001,-0.01566800000000000
CNCR,0.9127,0.8256,2.116990000000000,-0.05186600000000000,-0.051209999999999999
FXI,0.8467,0.917,1.8804700000000001,-0.05394400000000000,0.01042600000000000
EET,0.9222,0.91,2.2715830000000001,-0.05757600000000000,0.02832300000000000
EWZS,0.9449,0.9599,2.1198070000000002,-0.05874500000000000,0.07713500000000000
EWZ,0.9526,0.971,1.8367030000000000,-0.060822000000000001,0.07576100000000000
GXG,0.9686,0.9329,1.4432469999999999,-0.07232200000000000,0.020742000000000000
EIDO,0.9549,0.9235,1.1658450000000000,-0.08392500000000000,0.030370000000000001
EMLC,0.9413,0.9417,0.6246080000000001,-0.09461500000000000,0.05067800000000000
FTAG,0.8421,0.913,1.085072000000000,-0.10470300000000000,0.07024100000000000
FXC,0.8871,0.9116,0.41378900000000002,-0.10609700000000000,0.013580999999999999
BWZ,0.9086,0.8986,0.45460099999999998,-0.11063400000000000,-0.025273000000000000
CORN,0.9057,0.9244,1.3667630000000000,-0.1132360000000000,-0.01998400000000000
FXE,0.9337,0.9493,0.4716770000000000,-0.11535700000000000,-0.01968000000000000
EDC,0.9248,0.9335,3.3968099999999999,-0.11759799999999999,-0.010017000000000000
ERX,0.9487,0.9251,3.392084000000000,-0.1315250000000000,-0.060766000000000001
FXA,0.9247,0.9294,0.6724830000000001,-0.14462400000000000,-0.02043900000000000
EUM,0.9277,0.828,1.179816000000000,-0.14877399999999999,-0.12003600000000000
BRF,0.9501,0.9492,2.059833000000000,-0.20803700000000000,0.051324000000000002
BWX,0.9438,0.9364,0.603536000000000,-0.25922000000000001,-0.018723000000000000
ECH,0.9784,0.9639,1.7949759999999999,-0.2644910000000000,0.008661000000000000
DZZ,0.9611,0.9044,2.1597480000000000,-0.3299600000000000,-0.12766500000000000
DGZ,0.974,0.9425,1.1982390000000001,-0.38298399999999999,-0.10915800000000001
DOG,0.8635,0.9504,0.9134870000000000,-0.45340200000000003,-0.2278200000000000
EPV,0.836,0.8162,2.285230000000000,-0.49054599999999998,-0.145282000000000
FXY,0.8483,0.9356,0.6015790000000000,-0.49497999999999998,-0.08924400000000000
HDGE,0.9517,0.8717,1.6983159999999999,-0.5244470000000000,-0.17521500000000001
FXB,0.8361,0.9014,0.5479210000000000,-0.7855610000000000,-0.03720900000000000
GLL,0.976,0.9149,1.8059639999999999,-1.5796300000000001,-0.1721350000000000
,,,,,
,,,,,
,,,,,

